t,c
2026-01-01 09:30:00,195.20
2026-01-01 09:31:00,195.35
2026-01-01 09:32:00,195.10
2026-01-01 09:33:00,195.50
2026-01-01 09:34:00,195.80
2026-01-01 09:35:00,195.60
2026-01-01 09:36:00,195.90
2026-01-01 09:37:00,196.10
2026-01-01 09:38:00,195.70
2026-01-01 09:39:00,195.40
2026-01-01 09:40:00,195.95
2026-01-01 09:41:00,196.20
2026-01-01 09:42:00,196.00
2026-01-01 09:43:00,196.30
2026-01-01 09:44:00,196.50
2026-01-01 09:45:00,196.10
2026-01-01 09:46:00,195.85
2026-01-01 09:47:00,195.65
2026-01-01 09:48:00,195.45
2026-01-01 09:49:00,195.25
2026-01-01 09:50:00,195.55
2026-01-01 09:51:00,195.75
2026-01-01 09:52:00,196.05
2026-01-01 09:53:00,196.25